sample_id,assay,region,group,temperature,phase,time,replicate,batch,rin,fastq1,fastq2
CK25_T10d_R1,RNAseq,A,CK25,25,stress,10d,1,b1,,/public/agis/wanfanghao_group/zoujianghua/wangliwei0813051/X101SC25046633-Z01-J006/01.RawData/CK25_T10d_R1_1.fq.gz,/public/agis/wanfanghao_group/zoujianghua/wangliwei0813051/X101SC25046633-Z01-J006/01.RawData/CK25_T10d_R1_2.fq.gz
CK25_T10d_R2,RNAseq,A,CK25,25,stress,10d,2,b1,,/public/agis/wanfanghao_group/zoujianghua/wangliwei0813051/X101SC25046633-Z01-J006/01.RawData/CK25_T10d_R2_1.fq.gz,/public/agis/wanfanghao_group/zoujianghua/wangliwei0813051/X101SC25046633-Z01-J006/01.RawData/CK25_T10d_R2_2.fq.gz
CK25_T10d_R3,RNAseq,A,CK25,25,stress,10d,3,b1,,/public/agis/wanfanghao_group/zoujianghua/wangliwei0813051/X101SC25046633-Z01-J006/01.RawData/CK25_T10d_R3_1.fq.gz,/public/agis/wanfanghao_group/zoujianghua/wangliwei0813051/X101SC25046633-Z01-J006/01.RawData/CK25_T10d_R3_2.fq.gz
CK25_T10d_R4,RNAseq,A,CK25,25,stress,10d,4,b1,,/public/agis/wanfanghao_group/zoujianghua/wangliwei0813051/X101SC25046633-Z01-J006/01.RawData/CK25_T10d_R4_1.fq.gz,/public/agis/wanfanghao_group/zoujianghua/wangliwei0813051/X101SC25046633-Z01-J006/01.RawData/CK25_T10d_R4_2.fq.gz
CK25_T10d_R5,RNAseq,A,CK25,25,stress,10d,5,b1,,/public/agis/wanfanghao_group/zoujianghua/wangliwei0813051/X101SC25046633-Z01-J006/01.RawData/CK25_T10d_R5_1.fq.gz,/public/agis/wanfanghao_group/zoujianghua/wangliwei0813051/X101SC25046633-Z01-J006/01.RawData/CK25_T10d_R5_2.fq.gz
CK25_T14d_R1,RNAseq,A,CK25,25,stress,14d,1,b1,,/public/agis/wanfanghao_group/zoujianghua/wangliwei0813051/X101SC25046633-Z01-J006/01.RawData/CK25_T14d_R1_1.fq.gz,/public/agis/wanfanghao_group/zoujianghua/wangliwei0813051/X101SC25046633-Z01-J006/01.RawData/CK25_T14d_R1_2.fq.gz
CK25_T14d_R2,RNAseq,A,CK25,25,stress,14d,2,b1,,/public/agis/wanfanghao_group/zoujianghua/wangliwei0813051/X101SC25046633-Z01-J006/01.RawData/CK25_T14d_R2_1.fq.gz,/public/agis/wanfanghao_group/zoujianghua/wangliwei0813051/X101SC25046633-Z01-J006/01.RawData/CK25_T14d_R2_2.fq.gz
CK25_T14d_R3,RNAseq,A,CK25,25,stress,14d,3,b1,,/public/agis/wanfanghao_group/zoujianghua/wangliwei0813051/X101SC25046633-Z01-J006/01.RawData/CK25_T14d_R3_1.fq.gz,/public/agis/wanfanghao_group/zoujianghua/wangliwei0813051/X101SC25046633-Z01-J006/01.RawData/CK25_T14d_R3_2.fq.gz
CK25_T14d_R4,RNAseq,A,CK25,25,stress,14d,4,b1,,/public/agis/wanfanghao_group/zoujianghua/wangliwei0813051/X101SC25046633-Z01-J006/01.RawData/CK25_T14d_R4_1.fq.gz,/public/agis/wanfanghao_group/zoujianghua/wangliwei0813051/X101SC25046633-Z01-J006/01.RawData/CK25_T14d_R4_2.fq.gz
CK25_T14d_R5,RNAseq,A,CK25,25,stress,14d,5,b1,,/public/agis/wanfanghao_group/zoujianghua/wangliwei0813051/X101SC25046633-Z01-J006/01.RawData/CK25_T14d_R5_1.fq.gz,/public/agis/wanfanghao_group/zoujianghua/wangliwei0813051/X101SC25046633-Z01-J006/01.RawData/CK25_T14d_R5_2.fq.gz
CK25_T1d_R1,RNAseq,A,CK25,25,stress,1d,1,b1,,/public/agis/wanfanghao_group/zoujianghua/wangliwei0813051/X101SC25046633-Z01-J006/01.RawData/CK25_T1d_R1_1.fq.gz,/public/agis/wanfanghao_group/zoujianghua/wangliwei0813051/X101SC25046633-Z01-J006/01.RawData/CK25_T1d_R1_2.fq.gz
CK25_T1d_R2,RNAseq,A,CK25,25,stress,1d,2,b1,,/public/agis/wanfanghao_group/zoujianghua/wangliwei0813051/X101SC25046633-Z01-J006/01.RawData/CK25_T1d_R2_1.fq.gz,/public/agis/wanfanghao_group/zoujianghua/wangliwei0813051/X101SC25046633-Z01-J006/01.RawData/CK25_T1d_R2_2.fq.gz
CK25_T1d_R3,RNAseq,A,CK25,25,stress,1d,3,b1,,/public/agis/wanfanghao_group/zoujianghua/wangliwei0813051/X101SC25046633-Z01-J006/01.RawData/CK25_T1d_R3_1.fq.gz,/public/agis/wanfanghao_group/zoujianghua/wangliwei0813051/X101SC25046633-Z01-J006/01.RawData/CK25_T1d_R3_2.fq.gz
CK25_T1d_R4,RNAseq,A,CK25,25,stress,1d,4,b1,,/public/agis/wanfanghao_group/zoujianghua/wangliwei0813051/X101SC25046633-Z01-J006/01.RawData/CK25_T1d_R4_1.fq.gz,/public/agis/wanfanghao_group/zoujianghua/wangliwei0813051/X101SC25046633-Z01-J006/01.RawData/CK25_T1d_R4_2.fq.gz
CK25_T1d_R5,RNAseq,A,CK25,25,stress,1d,5,b1,,/public/agis/wanfanghao_group/zoujianghua/wangliwei0813051/X101SC25046633-Z01-J006/01.RawData/CK25_T1d_R5_1.fq.gz,/public/agis/wanfanghao_group/zoujianghua/wangliwei0813051/X101SC25046633-Z01-J006/01.RawData/CK25_T1d_R5_2.fq.gz
CK25_T2h_R1,RNAseq,A,CK25,25,stress,2h,1,b1,,/public/agis/wanfanghao_group/zoujianghua/wangliwei0813051/X101SC25046633-Z01-J006/01.RawData/CK25_T2h_R1_1.fq.gz,/public/agis/wanfanghao_group/zoujianghua/wangliwei0813051/X101SC25046633-Z01-J006/01.RawData/CK25_T2h_R1_2.fq.gz
CK25_T2h_R2,RNAseq,A,CK25,25,stress,2h,2,b1,,/public/agis/wanfanghao_group/zoujianghua/wangliwei0813051/X101SC25046633-Z01-J006/01.RawData/CK25_T2h_R2_1.fq.gz,/public/agis/wanfanghao_group/zoujianghua/wangliwei0813051/X101SC25046633-Z01-J006/01.RawData/CK25_T2h_R2_2.fq.gz
CK25_T2h_R3,RNAseq,A,CK25,25,stress,2h,3,b1,,/public/agis/wanfanghao_group/zoujianghua/wangliwei0813051/X101SC25046633-Z01-J006/01.RawData/CK25_T2h_R3_1.fq.gz,/public/agis/wanfanghao_group/zoujianghua/wangliwei0813051/X101SC25046633-Z01-J006/01.RawData/CK25_T2h_R3_2.fq.gz
CK25_T2h_R4,RNAseq,A,CK25,25,stress,2h,4,b1,,/public/agis/wanfanghao_group/zoujianghua/wangliwei0813051/X101SC25046633-Z01-J006/01.RawData/CK25_T2h_R4_1.fq.gz,/public/agis/wanfanghao_group/zoujianghua/wangliwei0813051/X101SC25046633-Z01-J006/01.RawData/CK25_T2h_R4_2.fq.gz
CK25_T2h_R5,RNAseq,A,CK25,25,stress,2h,5,b1,,/public/agis/wanfanghao_group/zoujianghua/wangliwei0813051/X101SC25046633-Z01-J006/01.RawData/CK25_T2h_R5_1.fq.gz,/public/agis/wanfanghao_group/zoujianghua/wangliwei0813051/X101SC25046633-Z01-J006/01.RawData/CK25_T2h_R5_2.fq.gz
CK25_T3d_R1,RNAseq,A,CK25,25,stress,3d,1,b1,,/public/agis/wanfanghao_group/zoujianghua/wangliwei0813051/X101SC25046633-Z01-J006/01.RawData/CK25_T3d_R1_1.fq.gz,/public/agis/wanfanghao_group/zoujianghua/wangliwei0813051/X101SC25046633-Z01-J006/01.RawData/CK25_T3d_R1_2.fq.gz
CK25_T3d_R2,RNAseq,A,CK25,25,stress,3d,2,b1,,/public/agis/wanfanghao_group/zoujianghua/wangliwei0813051/X101SC25046633-Z01-J006/01.RawData/CK25_T3d_R2_1.fq.gz,/public/agis/wanfanghao_group/zoujianghua/wangliwei0813051/X101SC25046633-Z01-J006/01.RawData/CK25_T3d_R2_2.fq.gz
CK25_T3d_R3,RNAseq,A,CK25,25,stress,3d,3,b1,,/public/agis/wanfanghao_group/zoujianghua/wangliwei0813051/X101SC25046633-Z01-J006/01.RawData/CK25_T3d_R3_1.fq.gz,/public/agis/wanfanghao_group/zoujianghua/wangliwei0813051/X101SC25046633-Z01-J006/01.RawData/CK25_T3d_R3_2.fq.gz
CK25_T3d_R4,RNAseq,A,CK25,25,stress,3d,4,b1,,/public/agis/wanfanghao_group/zoujianghua/wangliwei0813051/X101SC25046633-Z01-J006/01.RawData/CK25_T3d_R4_1.fq.gz,/public/agis/wanfanghao_group/zoujianghua/wangliwei0813051/X101SC25046633-Z01-J006/01.RawData/CK25_T3d_R4_2.fq.gz
CK25_T3d_R5,RNAseq,A,CK25,25,stress,3d,5,b1,,/public/agis/wanfanghao_group/zoujianghua/wangliwei0813051/X101SC25046633-Z01-J006/01.RawData/CK25_T3d_R5_1.fq.gz,/public/agis/wanfanghao_group/zoujianghua/wangliwei0813051/X101SC25046633-Z01-J006/01.RawData/CK25_T3d_R5_2.fq.gz
CK25_T7d_R1,RNAseq,A,CK25,25,stress,7d,1,b1,,/public/agis/wanfanghao_group/zoujianghua/wangliwei0813051/X101SC25046633-Z01-J006/01.RawData/CK25_T7d_R1_1.fq.gz,/public/agis/wanfanghao_group/zoujianghua/wangliwei0813051/X101SC25046633-Z01-J006/01.RawData/CK25_T7d_R1_2.fq.gz
CK25_T7d_R2,RNAseq,A,CK25,25,stress,7d,2,b1,,/public/agis/wanfanghao_group/zoujianghua/wangliwei0813051/X101SC25046633-Z01-J006/01.RawData/CK25_T7d_R2_1.fq.gz,/public/agis/wanfanghao_group/zoujianghua/wangliwei0813051/X101SC25046633-Z01-J006/01.RawData/CK25_T7d_R2_2.fq.gz
CK25_T7d_R3,RNAseq,A,CK25,25,stress,7d,3,b1,,/public/agis/wanfanghao_group/zoujianghua/wangliwei0813051/X101SC25046633-Z01-J006/01.RawData/CK25_T7d_R3_1.fq.gz,/public/agis/wanfanghao_group/zoujianghua/wangliwei0813051/X101SC25046633-Z01-J006/01.RawData/CK25_T7d_R3_2.fq.gz
CK25_T7d_R4,RNAseq,A,CK25,25,stress,7d,4,b1,,/public/agis/wanfanghao_group/zoujianghua/wangliwei0813051/X101SC25046633-Z01-J006/01.RawData/CK25_T7d_R4_1.fq.gz,/public/agis/wanfanghao_group/zoujianghua/wangliwei0813051/X101SC25046633-Z01-J006/01.RawData/CK25_T7d_R4_2.fq.gz
CK25_T7d_R5,RNAseq,A,CK25,25,stress,7d,5,b1,,/public/agis/wanfanghao_group/zoujianghua/wangliwei0813051/X101SC25046633-Z01-J006/01.RawData/CK25_T7d_R5_1.fq.gz,/public/agis/wanfanghao_group/zoujianghua/wangliwei0813051/X101SC25046633-Z01-J006/01.RawData/CK25_T7d_R5_2.fq.gz
CK25_T8d_R1,RNAseq,A,CK25,25,stress,8d,1,b1,,/public/agis/wanfanghao_group/zoujianghua/wangliwei0813051/X101SC25046633-Z01-J006/01.RawData/CK25_T8d_R1_1.fq.gz,/public/agis/wanfanghao_group/zoujianghua/wangliwei0813051/X101SC25046633-Z01-J006/01.RawData/CK25_T8d_R1_2.fq.gz
CK25_T8d_R2,RNAseq,A,CK25,25,stress,8d,2,b1,,/public/agis/wanfanghao_group/zoujianghua/wangliwei0813051/X101SC25046633-Z01-J006/01.RawData/CK25_T8d_R2_1.fq.gz,/public/agis/wanfanghao_group/zoujianghua/wangliwei0813051/X101SC25046633-Z01-J006/01.RawData/CK25_T8d_R2_2.fq.gz
CK25_T8d_R3,RNAseq,A,CK25,25,stress,8d,3,b1,,/public/agis/wanfanghao_group/zoujianghua/wangliwei0813051/X101SC25046633-Z01-J006/01.RawData/CK25_T8d_R3_1.fq.gz,/public/agis/wanfanghao_group/zoujianghua/wangliwei0813051/X101SC25046633-Z01-J006/01.RawData/CK25_T8d_R3_2.fq.gz
CK25_T8d_R4,RNAseq,A,CK25,25,stress,8d,4,b1,,/public/agis/wanfanghao_group/zoujianghua/wangliwei0813051/X101SC25046633-Z01-J006/01.RawData/CK25_T8d_R4_1.fq.gz,/public/agis/wanfanghao_group/zoujianghua/wangliwei0813051/X101SC25046633-Z01-J006/01.RawData/CK25_T8d_R4_2.fq.gz
CK25_T8d_R5,RNAseq,A,CK25,25,stress,8d,5,b1,,/public/agis/wanfanghao_group/zoujianghua/wangliwei0813051/X101SC25046633-Z01-J006/01.RawData/CK25_T8d_R5_1.fq.gz,/public/agis/wanfanghao_group/zoujianghua/wangliwei0813051/X101SC25046633-Z01-J006/01.RawData/CK25_T8d_R5_2.fq.gz
HT35_T14d_R1,RNAseq,A,HT35,35,stress,14d,1,b1,,/public/agis/wanfanghao_group/zoujianghua/wangliwei0813051/X101SC25046633-Z01-J006/01.RawData/HT35_T14d_R1_1.fq.gz,/public/agis/wanfanghao_group/zoujianghua/wangliwei0813051/X101SC25046633-Z01-J006/01.RawData/HT35_T14d_R1_2.fq.gz
HT35_T14d_R2,RNAseq,A,HT35,35,stress,14d,2,b1,,/public/agis/wanfanghao_group/zoujianghua/wangliwei0813051/X101SC25046633-Z01-J006/01.RawData/HT35_T14d_R2_1.fq.gz,/public/agis/wanfanghao_group/zoujianghua/wangliwei0813051/X101SC25046633-Z01-J006/01.RawData/HT35_T14d_R2_2.fq.gz
HT35_T14d_R3,RNAseq,A,HT35,35,stress,14d,3,b1,,/public/agis/wanfanghao_group/zoujianghua/wangliwei0813051/X101SC25046633-Z01-J006/01.RawData/HT35_T14d_R3_1.fq.gz,/public/agis/wanfanghao_group/zoujianghua/wangliwei0813051/X101SC25046633-Z01-J006/01.RawData/HT35_T14d_R3_2.fq.gz
HT35_T14d_R4,RNAseq,A,HT35,35,stress,14d,4,b1,,/public/agis/wanfanghao_group/zoujianghua/wangliwei0813051/X101SC25046633-Z01-J006/01.RawData/HT35_T14d_R4_1.fq.gz,/public/agis/wanfanghao_group/zoujianghua/wangliwei0813051/X101SC25046633-Z01-J006/01.RawData/HT35_T14d_R4_2.fq.gz
HT35_T14d_R5,RNAseq,A,HT35,35,stress,14d,5,b1,,/public/agis/wanfanghao_group/zoujianghua/wangliwei0813051/X101SC25046633-Z01-J006/01.RawData/HT35_T14d_R5_1.fq.gz,/public/agis/wanfanghao_group/zoujianghua/wangliwei0813051/X101SC25046633-Z01-J006/01.RawData/HT35_T14d_R5_2.fq.gz
HT35_T1d_R1,RNAseq,A,HT35,35,stress,1d,1,b1,,/public/agis/wanfanghao_group/zoujianghua/wangliwei0813051/X101SC25046633-Z01-J006/01.RawData/HT35_T1d_R1_1.fq.gz,/public/agis/wanfanghao_group/zoujianghua/wangliwei0813051/X101SC25046633-Z01-J006/01.RawData/HT35_T1d_R1_2.fq.gz
HT35_T1d_R2,RNAseq,A,HT35,35,stress,1d,2,b1,,/public/agis/wanfanghao_group/zoujianghua/wangliwei0813051/X101SC25046633-Z01-J006/01.RawData/HT35_T1d_R2_1.fq.gz,/public/agis/wanfanghao_group/zoujianghua/wangliwei0813051/X101SC25046633-Z01-J006/01.RawData/HT35_T1d_R2_2.fq.gz
HT35_T1d_R3,RNAseq,A,HT35,35,stress,1d,3,b1,,/public/agis/wanfanghao_group/zoujianghua/wangliwei0813051/X101SC25046633-Z01-J006/01.RawData/HT35_T1d_R3_1.fq.gz,/public/agis/wanfanghao_group/zoujianghua/wangliwei0813051/X101SC25046633-Z01-J006/01.RawData/HT35_T1d_R3_2.fq.gz
HT35_T1d_R4,RNAseq,A,HT35,35,stress,1d,4,b1,,/public/agis/wanfanghao_group/zoujianghua/wangliwei0813051/X101SC25046633-Z01-J006/01.RawData/HT35_T1d_R4_1.fq.gz,/public/agis/wanfanghao_group/zoujianghua/wangliwei0813051/X101SC25046633-Z01-J006/01.RawData/HT35_T1d_R4_2.fq.gz
HT35_T1d_R5,RNAseq,A,HT35,35,stress,1d,5,b1,,/public/agis/wanfanghao_group/zoujianghua/wangliwei0813051/X101SC25046633-Z01-J006/01.RawData/HT35_T1d_R5_1.fq.gz,/public/agis/wanfanghao_group/zoujianghua/wangliwei0813051/X101SC25046633-Z01-J006/01.RawData/HT35_T1d_R5_2.fq.gz
HT35_T2h_R1,RNAseq,A,HT35,35,stress,2h,1,b1,,/public/agis/wanfanghao_group/zoujianghua/wangliwei0813051/X101SC25046633-Z01-J006/01.RawData/HT35_T2h_R1_1.fq.gz,/public/agis/wanfanghao_group/zoujianghua/wangliwei0813051/X101SC25046633-Z01-J006/01.RawData/HT35_T2h_R1_2.fq.gz
HT35_T2h_R2,RNAseq,A,HT35,35,stress,2h,2,b1,,/public/agis/wanfanghao_group/zoujianghua/wangliwei0813051/X101SC25046633-Z01-J006/01.RawData/HT35_T2h_R2_1.fq.gz,/public/agis/wanfanghao_group/zoujianghua/wangliwei0813051/X101SC25046633-Z01-J006/01.RawData/HT35_T2h_R2_2.fq.gz
HT35_T2h_R3,RNAseq,A,HT35,35,stress,2h,3,b1,,/public/agis/wanfanghao_group/zoujianghua/wangliwei0813051/X101SC25046633-Z01-J006/01.RawData/HT35_T2h_R3_1.fq.gz,/public/agis/wanfanghao_group/zoujianghua/wangliwei0813051/X101SC25046633-Z01-J006/01.RawData/HT35_T2h_R3_2.fq.gz
HT35_T2h_R4,RNAseq,A,HT35,35,stress,2h,4,b1,,/public/agis/wanfanghao_group/zoujianghua/wangliwei0813051/X101SC25046633-Z01-J006/01.RawData/HT35_T2h_R4_1.fq.gz,/public/agis/wanfanghao_group/zoujianghua/wangliwei0813051/X101SC25046633-Z01-J006/01.RawData/HT35_T2h_R4_2.fq.gz
HT35_T2h_R5,RNAseq,A,HT35,35,stress,2h,5,b1,,/public/agis/wanfanghao_group/zoujianghua/wangliwei0813051/X101SC25046633-Z01-J006/01.RawData/HT35_T2h_R5_1.fq.gz,/public/agis/wanfanghao_group/zoujianghua/wangliwei0813051/X101SC25046633-Z01-J006/01.RawData/HT35_T2h_R5_2.fq.gz
HT35_T3d_R1,RNAseq,A,HT35,35,stress,3d,1,b1,,/public/agis/wanfanghao_group/zoujianghua/wangliwei0813051/X101SC25046633-Z01-J006/01.RawData/HT35_T3d_R1_1.fq.gz,/public/agis/wanfanghao_group/zoujianghua/wangliwei0813051/X101SC25046633-Z01-J006/01.RawData/HT35_T3d_R1_2.fq.gz
HT35_T3d_R2,RNAseq,A,HT35,35,stress,3d,2,b1,,/public/agis/wanfanghao_group/zoujianghua/wangliwei0813051/X101SC25046633-Z01-J006/01.RawData/HT35_T3d_R2_1.fq.gz,/public/agis/wanfanghao_group/zoujianghua/wangliwei0813051/X101SC25046633-Z01-J006/01.RawData/HT35_T3d_R2_2.fq.gz
HT35_T3d_R3,RNAseq,A,HT35,35,stress,3d,3,b1,,/public/agis/wanfanghao_group/zoujianghua/wangliwei0813051/X101SC25046633-Z01-J006/01.RawData/HT35_T3d_R3_1.fq.gz,/public/agis/wanfanghao_group/zoujianghua/wangliwei0813051/X101SC25046633-Z01-J006/01.RawData/HT35_T3d_R3_2.fq.gz
HT35_T3d_R4,RNAseq,A,HT35,35,stress,3d,4,b1,,/public/agis/wanfanghao_group/zoujianghua/wangliwei0813051/X101SC25046633-Z01-J006/01.RawData/HT35_T3d_R4_1.fq.gz,/public/agis/wanfanghao_group/zoujianghua/wangliwei0813051/X101SC25046633-Z01-J006/01.RawData/HT35_T3d_R4_2.fq.gz
HT35_T3d_R5,RNAseq,A,HT35,35,stress,3d,5,b1,,/public/agis/wanfanghao_group/zoujianghua/wangliwei0813051/X101SC25046633-Z01-J006/01.RawData/HT35_T3d_R5_1.fq.gz,/public/agis/wanfanghao_group/zoujianghua/wangliwei0813051/X101SC25046633-Z01-J006/01.RawData/HT35_T3d_R5_2.fq.gz
HT35_T7d_R1,RNAseq,A,HT35,35,stress,7d,1,b1,,/public/agis/wanfanghao_group/zoujianghua/wangliwei0813051/X101SC25046633-Z01-J006/01.RawData/HT35_T7d_R1_1.fq.gz,/public/agis/wanfanghao_group/zoujianghua/wangliwei0813051/X101SC25046633-Z01-J006/01.RawData/HT35_T7d_R1_2.fq.gz
HT35_T7d_R2,RNAseq,A,HT35,35,stress,7d,2,b1,,/public/agis/wanfanghao_group/zoujianghua/wangliwei0813051/X101SC25046633-Z01-J006/01.RawData/HT35_T7d_R2_1.fq.gz,/public/agis/wanfanghao_group/zoujianghua/wangliwei0813051/X101SC25046633-Z01-J006/01.RawData/HT35_T7d_R2_2.fq.gz
HT35_T7d_R3,RNAseq,A,HT35,35,stress,7d,3,b1,,/public/agis/wanfanghao_group/zoujianghua/wangliwei0813051/X101SC25046633-Z01-J006/01.RawData/HT35_T7d_R3_1.fq.gz,/public/agis/wanfanghao_group/zoujianghua/wangliwei0813051/X101SC25046633-Z01-J006/01.RawData/HT35_T7d_R3_2.fq.gz
HT35_T7d_R4,RNAseq,A,HT35,35,stress,7d,4,b1,,/public/agis/wanfanghao_group/zoujianghua/wangliwei0813051/X101SC25046633-Z01-J006/01.RawData/HT35_T7d_R4_1.fq.gz,/public/agis/wanfanghao_group/zoujianghua/wangliwei0813051/X101SC25046633-Z01-J006/01.RawData/HT35_T7d_R4_2.fq.gz
HT35_T7d_R5,RNAseq,A,HT35,35,stress,7d,5,b1,,/public/agis/wanfanghao_group/zoujianghua/wangliwei0813051/X101SC25046633-Z01-J006/01.RawData/HT35_T7d_R5_1.fq.gz,/public/agis/wanfanghao_group/zoujianghua/wangliwei0813051/X101SC25046633-Z01-J006/01.RawData/HT35_T7d_R5_2.fq.gz
HT40_T1d_R1,RNAseq,A,HT40,40,stress,1d,1,b1,,/public/agis/wanfanghao_group/zoujianghua/wangliwei0813051/X101SC25046633-Z01-J006/01.RawData/HT40_T1d_R1_1.fq.gz,/public/agis/wanfanghao_group/zoujianghua/wangliwei0813051/X101SC25046633-Z01-J006/01.RawData/HT40_T1d_R1_2.fq.gz
HT40_T1d_R2,RNAseq,A,HT40,40,stress,1d,2,b1,,/public/agis/wanfanghao_group/zoujianghua/wangliwei0813051/X101SC25046633-Z01-J006/01.RawData/HT40_T1d_R2_1.fq.gz,/public/agis/wanfanghao_group/zoujianghua/wangliwei0813051/X101SC25046633-Z01-J006/01.RawData/HT40_T1d_R2_2.fq.gz
HT40_T1d_R3,RNAseq,A,HT40,40,stress,1d,3,b1,,/public/agis/wanfanghao_group/zoujianghua/wangliwei0813051/X101SC25046633-Z01-J006/01.RawData/HT40_T1d_R3_1.fq.gz,/public/agis/wanfanghao_group/zoujianghua/wangliwei0813051/X101SC25046633-Z01-J006/01.RawData/HT40_T1d_R3_2.fq.gz
HT40_T1d_R4,RNAseq,A,HT40,40,stress,1d,4,b1,,/public/agis/wanfanghao_group/zoujianghua/wangliwei0813051/X101SC25046633-Z01-J006/01.RawData/HT40_T1d_R4_1.fq.gz,/public/agis/wanfanghao_group/zoujianghua/wangliwei0813051/X101SC25046633-Z01-J006/01.RawData/HT40_T1d_R4_2.fq.gz
HT40_T1d_R5,RNAseq,A,HT40,40,stress,1d,5,b1,,/public/agis/wanfanghao_group/zoujianghua/wangliwei0813051/X101SC25046633-Z01-J006/01.RawData/HT40_T1d_R5_1.fq.gz,/public/agis/wanfanghao_group/zoujianghua/wangliwei0813051/X101SC25046633-Z01-J006/01.RawData/HT40_T1d_R5_2.fq.gz
HT40_T2h_R1,RNAseq,A,HT40,40,stress,2h,1,b1,,/public/agis/wanfanghao_group/zoujianghua/wangliwei0813051/X101SC25046633-Z01-J006/01.RawData/HT40_T2h_R1_1.fq.gz,/public/agis/wanfanghao_group/zoujianghua/wangliwei0813051/X101SC25046633-Z01-J006/01.RawData/HT40_T2h_R1_2.fq.gz
HT40_T2h_R2,RNAseq,A,HT40,40,stress,2h,2,b1,,/public/agis/wanfanghao_group/zoujianghua/wangliwei0813051/X101SC25046633-Z01-J006/01.RawData/HT40_T2h_R2_1.fq.gz,/public/agis/wanfanghao_group/zoujianghua/wangliwei0813051/X101SC25046633-Z01-J006/01.RawData/HT40_T2h_R2_2.fq.gz
HT40_T2h_R3,RNAseq,A,HT40,40,stress,2h,3,b1,,/public/agis/wanfanghao_group/zoujianghua/wangliwei0813051/X101SC25046633-Z01-J006/01.RawData/HT40_T2h_R3_1.fq.gz,/public/agis/wanfanghao_group/zoujianghua/wangliwei0813051/X101SC25046633-Z01-J006/01.RawData/HT40_T2h_R3_2.fq.gz
HT40_T2h_R4,RNAseq,A,HT40,40,stress,2h,4,b1,,/public/agis/wanfanghao_group/zoujianghua/wangliwei0813051/X101SC25046633-Z01-J006/01.RawData/HT40_T2h_R4_1.fq.gz,/public/agis/wanfanghao_group/zoujianghua/wangliwei0813051/X101SC25046633-Z01-J006/01.RawData/HT40_T2h_R4_2.fq.gz
HT40_T2h_R5,RNAseq,A,HT40,40,stress,2h,5,b1,,/public/agis/wanfanghao_group/zoujianghua/wangliwei0813051/X101SC25046633-Z01-J006/01.RawData/HT40_T2h_R5_1.fq.gz,/public/agis/wanfanghao_group/zoujianghua/wangliwei0813051/X101SC25046633-Z01-J006/01.RawData/HT40_T2h_R5_2.fq.gz
HT40_T3d_R1,RNAseq,A,HT40,40,stress,3d,1,b1,,/public/agis/wanfanghao_group/zoujianghua/wangliwei0813051/X101SC25046633-Z01-J006/01.RawData/HT40_T3d_R1_1.fq.gz,/public/agis/wanfanghao_group/zoujianghua/wangliwei0813051/X101SC25046633-Z01-J006/01.RawData/HT40_T3d_R1_2.fq.gz
HT40_T7d_R1,RNAseq,A,HT40,40,stress,7d,1,b1,,/public/agis/wanfanghao_group/zoujianghua/wangliwei0813051/X101SC25046633-Z01-J006/01.RawData/HT40_T7d_R1_1.fq.gz,/public/agis/wanfanghao_group/zoujianghua/wangliwei0813051/X101SC25046633-Z01-J006/01.RawData/HT40_T7d_R1_2.fq.gz
HT40_T7d_R2,RNAseq,A,HT40,40,stress,7d,2,b1,,/public/agis/wanfanghao_group/zoujianghua/wangliwei0813051/X101SC25046633-Z01-J006/01.RawData/HT40_T7d_R2_1.fq.gz,/public/agis/wanfanghao_group/zoujianghua/wangliwei0813051/X101SC25046633-Z01-J006/01.RawData/HT40_T7d_R2_2.fq.gz
HT40_T7d_R3,RNAseq,A,HT40,40,stress,7d,3,b1,,/public/agis/wanfanghao_group/zoujianghua/wangliwei0813051/X101SC25046633-Z01-J006/01.RawData/HT40_T7d_R3_1.fq.gz,/public/agis/wanfanghao_group/zoujianghua/wangliwei0813051/X101SC25046633-Z01-J006/01.RawData/HT40_T7d_R3_2.fq.gz
HT40_T7d_R4,RNAseq,A,HT40,40,stress,7d,4,b1,,/public/agis/wanfanghao_group/zoujianghua/wangliwei0813051/X101SC25046633-Z01-J006/01.RawData/HT40_T7d_R4_1.fq.gz,/public/agis/wanfanghao_group/zoujianghua/wangliwei0813051/X101SC25046633-Z01-J006/01.RawData/HT40_T7d_R4_2.fq.gz
HT40_T7d_R5,RNAseq,A,HT40,40,stress,7d,5,b1,,/public/agis/wanfanghao_group/zoujianghua/wangliwei0813051/X101SC25046633-Z01-J006/01.RawData/HT40_T7d_R5_1.fq.gz,/public/agis/wanfanghao_group/zoujianghua/wangliwei0813051/X101SC25046633-Z01-J006/01.RawData/HT40_T7d_R5_2.fq.gz
HTR_T1d_R1,RNAseq,A,HTR,25,recovery,1d,1,b1,,/public/agis/wanfanghao_group/zoujianghua/wangliwei0813051/X101SC25046633-Z01-J006/01.RawData/HTR_T1d_R1_1.fq.gz,/public/agis/wanfanghao_group/zoujianghua/wangliwei0813051/X101SC25046633-Z01-J006/01.RawData/HTR_T1d_R1_2.fq.gz
HTR_T1d_R2,RNAseq,A,HTR,25,recovery,1d,2,b1,,/public/agis/wanfanghao_group/zoujianghua/wangliwei0813051/X101SC25046633-Z01-J006/01.RawData/HTR_T1d_R2_1.fq.gz,/public/agis/wanfanghao_group/zoujianghua/wangliwei0813051/X101SC25046633-Z01-J006/01.RawData/HTR_T1d_R2_2.fq.gz
HTR_T1d_R3,RNAseq,A,HTR,25,recovery,1d,3,b1,,/public/agis/wanfanghao_group/zoujianghua/wangliwei0813051/X101SC25046633-Z01-J006/01.RawData/HTR_T1d_R3_1.fq.gz,/public/agis/wanfanghao_group/zoujianghua/wangliwei0813051/X101SC25046633-Z01-J006/01.RawData/HTR_T1d_R3_2.fq.gz
HTR_T1d_R4,RNAseq,A,HTR,25,recovery,1d,4,b1,,/public/agis/wanfanghao_group/zoujianghua/wangliwei0813051/X101SC25046633-Z01-J006/01.RawData/HTR_T1d_R4_1.fq.gz,/public/agis/wanfanghao_group/zoujianghua/wangliwei0813051/X101SC25046633-Z01-J006/01.RawData/HTR_T1d_R4_2.fq.gz
HTR_T1d_R5,RNAseq,A,HTR,25,recovery,1d,5,b1,,/public/agis/wanfanghao_group/zoujianghua/wangliwei0813051/X101SC25046633-Z01-J006/01.RawData/HTR_T1d_R5_1.fq.gz,/public/agis/wanfanghao_group/zoujianghua/wangliwei0813051/X101SC25046633-Z01-J006/01.RawData/HTR_T1d_R5_2.fq.gz
HTR_T3d_R1,RNAseq,A,HTR,25,recovery,3d,1,b1,,/public/agis/wanfanghao_group/zoujianghua/wangliwei0813051/X101SC25046633-Z01-J006/01.RawData/HTR_T3d_R1_1.fq.gz,/public/agis/wanfanghao_group/zoujianghua/wangliwei0813051/X101SC25046633-Z01-J006/01.RawData/HTR_T3d_R1_2.fq.gz
HTR_T3d_R2,RNAseq,A,HTR,25,recovery,3d,2,b1,,/public/agis/wanfanghao_group/zoujianghua/wangliwei0813051/X101SC25046633-Z01-J006/01.RawData/HTR_T3d_R2_1.fq.gz,/public/agis/wanfanghao_group/zoujianghua/wangliwei0813051/X101SC25046633-Z01-J006/01.RawData/HTR_T3d_R2_2.fq.gz
HTR_T3d_R3,RNAseq,A,HTR,25,recovery,3d,3,b1,,/public/agis/wanfanghao_group/zoujianghua/wangliwei0813051/X101SC25046633-Z01-J006/01.RawData/HTR_T3d_R3_1.fq.gz,/public/agis/wanfanghao_group/zoujianghua/wangliwei0813051/X101SC25046633-Z01-J006/01.RawData/HTR_T3d_R3_2.fq.gz
HTR_T3d_R4,RNAseq,A,HTR,25,recovery,3d,4,b1,,/public/agis/wanfanghao_group/zoujianghua/wangliwei0813051/X101SC25046633-Z01-J006/01.RawData/HTR_T3d_R4_1.fq.gz,/public/agis/wanfanghao_group/zoujianghua/wangliwei0813051/X101SC25046633-Z01-J006/01.RawData/HTR_T3d_R4_2.fq.gz
HTR_T3d_R5,RNAseq,A,HTR,25,recovery,3d,5,b1,,/public/agis/wanfanghao_group/zoujianghua/wangliwei0813051/X101SC25046633-Z01-J006/01.RawData/HTR_T3d_R5_1.fq.gz,/public/agis/wanfanghao_group/zoujianghua/wangliwei0813051/X101SC25046633-Z01-J006/01.RawData/HTR_T3d_R5_2.fq.gz
HTR_T6h_R1,RNAseq,A,HTR,25,recovery,6h,1,b1,,/public/agis/wanfanghao_group/zoujianghua/wangliwei0813051/X101SC25046633-Z01-J006/01.RawData/HTR_T6h_R1_1.fq.gz,/public/agis/wanfanghao_group/zoujianghua/wangliwei0813051/X101SC25046633-Z01-J006/01.RawData/HTR_T6h_R1_2.fq.gz
HTR_T6h_R2,RNAseq,A,HTR,25,recovery,6h,2,b1,,/public/agis/wanfanghao_group/zoujianghua/wangliwei0813051/X101SC25046633-Z01-J006/01.RawData/HTR_T6h_R2_1.fq.gz,/public/agis/wanfanghao_group/zoujianghua/wangliwei0813051/X101SC25046633-Z01-J006/01.RawData/HTR_T6h_R2_2.fq.gz
HTR_T6h_R3,RNAseq,A,HTR,25,recovery,6h,3,b1,,/public/agis/wanfanghao_group/zoujianghua/wangliwei0813051/X101SC25046633-Z01-J006/01.RawData/HTR_T6h_R3_1.fq.gz,/public/agis/wanfanghao_group/zoujianghua/wangliwei0813051/X101SC25046633-Z01-J006/01.RawData/HTR_T6h_R3_2.fq.gz
HTR_T6h_R4,RNAseq,A,HTR,25,recovery,6h,4,b1,,/public/agis/wanfanghao_group/zoujianghua/wangliwei0813051/X101SC25046633-Z01-J006/01.RawData/HTR_T6h_R4_1.fq.gz,/public/agis/wanfanghao_group/zoujianghua/wangliwei0813051/X101SC25046633-Z01-J006/01.RawData/HTR_T6h_R4_2.fq.gz
HTR_T6h_R5,RNAseq,A,HTR,25,recovery,6h,5,b1,,/public/agis/wanfanghao_group/zoujianghua/wangliwei0813051/X101SC25046633-Z01-J006/01.RawData/HTR_T6h_R5_1.fq.gz,/public/agis/wanfanghao_group/zoujianghua/wangliwei0813051/X101SC25046633-Z01-J006/01.RawData/HTR_T6h_R5_2.fq.gz
HTR_T7d_R1,RNAseq,A,HTR,25,recovery,7d,1,b1,,/public/agis/wanfanghao_group/zoujianghua/wangliwei0813051/X101SC25046633-Z01-J006/01.RawData/HTR_T7d_R1_1.fq.gz,/public/agis/wanfanghao_group/zoujianghua/wangliwei0813051/X101SC25046633-Z01-J006/01.RawData/HTR_T7d_R1_2.fq.gz
HTR_T7d_R2,RNAseq,A,HTR,25,recovery,7d,2,b1,,/public/agis/wanfanghao_group/zoujianghua/wangliwei0813051/X101SC25046633-Z01-J006/01.RawData/HTR_T7d_R2_1.fq.gz,/public/agis/wanfanghao_group/zoujianghua/wangliwei0813051/X101SC25046633-Z01-J006/01.RawData/HTR_T7d_R2_2.fq.gz
HTR_T7d_R3,RNAseq,A,HTR,25,recovery,7d,3,b1,,/public/agis/wanfanghao_group/zoujianghua/wangliwei0813051/X101SC25046633-Z01-J006/01.RawData/HTR_T7d_R3_1.fq.gz,/public/agis/wanfanghao_group/zoujianghua/wangliwei0813051/X101SC25046633-Z01-J006/01.RawData/HTR_T7d_R3_2.fq.gz
HTR_T7d_R4,RNAseq,A,HTR,25,recovery,7d,4,b1,,/public/agis/wanfanghao_group/zoujianghua/wangliwei0813051/X101SC25046633-Z01-J006/01.RawData/HTR_T7d_R4_1.fq.gz,/public/agis/wanfanghao_group/zoujianghua/wangliwei0813051/X101SC25046633-Z01-J006/01.RawData/HTR_T7d_R4_2.fq.gz
HTR_T7d_R5,RNAseq,A,HTR,25,recovery,7d,5,b1,,/public/agis/wanfanghao_group/zoujianghua/wangliwei0813051/X101SC25046633-Z01-J006/01.RawData/HTR_T7d_R5_1.fq.gz,/public/agis/wanfanghao_group/zoujianghua/wangliwei0813051/X101SC25046633-Z01-J006/01.RawData/HTR_T7d_R5_2.fq.gz
LT10_T14d_R1,RNAseq,A,LT10,10,stress,14d,1,b1,,/public/agis/wanfanghao_group/zoujianghua/wangliwei0813051/X101SC25046633-Z01-J006/01.RawData/LT10_T14d_R1_1.fq.gz,/public/agis/wanfanghao_group/zoujianghua/wangliwei0813051/X101SC25046633-Z01-J006/01.RawData/LT10_T14d_R1_2.fq.gz
LT10_T14d_R2,RNAseq,A,LT10,10,stress,14d,2,b1,,/public/agis/wanfanghao_group/zoujianghua/wangliwei0813051/X101SC25046633-Z01-J006/01.RawData/LT10_T14d_R2_1.fq.gz,/public/agis/wanfanghao_group/zoujianghua/wangliwei0813051/X101SC25046633-Z01-J006/01.RawData/LT10_T14d_R2_2.fq.gz
LT10_T14d_R3,RNAseq,A,LT10,10,stress,14d,3,b1,,/public/agis/wanfanghao_group/zoujianghua/wangliwei0813051/X101SC25046633-Z01-J006/01.RawData/LT10_T14d_R3_1.fq.gz,/public/agis/wanfanghao_group/zoujianghua/wangliwei0813051/X101SC25046633-Z01-J006/01.RawData/LT10_T14d_R3_2.fq.gz
LT10_T14d_R4,RNAseq,A,LT10,10,stress,14d,4,b1,,/public/agis/wanfanghao_group/zoujianghua/wangliwei0813051/X101SC25046633-Z01-J006/01.RawData/LT10_T14d_R4_1.fq.gz,/public/agis/wanfanghao_group/zoujianghua/wangliwei0813051/X101SC25046633-Z01-J006/01.RawData/LT10_T14d_R4_2.fq.gz
LT10_T14d_R5,RNAseq,A,LT10,10,stress,14d,5,b1,,/public/agis/wanfanghao_group/zoujianghua/wangliwei0813051/X101SC25046633-Z01-J006/01.RawData/LT10_T14d_R5_1.fq.gz,/public/agis/wanfanghao_group/zoujianghua/wangliwei0813051/X101SC25046633-Z01-J006/01.RawData/LT10_T14d_R5_2.fq.gz
LT10_T1d_R1,RNAseq,A,LT10,10,stress,1d,1,b1,,/public/agis/wanfanghao_group/zoujianghua/wangliwei0813051/X101SC25046633-Z01-J006/01.RawData/LT10_T1d_R1_1.fq.gz,/public/agis/wanfanghao_group/zoujianghua/wangliwei0813051/X101SC25046633-Z01-J006/01.RawData/LT10_T1d_R1_2.fq.gz
LT10_T1d_R2,RNAseq,A,LT10,10,stress,1d,2,b1,,/public/agis/wanfanghao_group/zoujianghua/wangliwei0813051/X101SC25046633-Z01-J006/01.RawData/LT10_T1d_R2_1.fq.gz,/public/agis/wanfanghao_group/zoujianghua/wangliwei0813051/X101SC25046633-Z01-J006/01.RawData/LT10_T1d_R2_2.fq.gz
LT10_T1d_R3,RNAseq,A,LT10,10,stress,1d,3,b1,,/public/agis/wanfanghao_group/zoujianghua/wangliwei0813051/X101SC25046633-Z01-J006/01.RawData/LT10_T1d_R3_1.fq.gz,/public/agis/wanfanghao_group/zoujianghua/wangliwei0813051/X101SC25046633-Z01-J006/01.RawData/LT10_T1d_R3_2.fq.gz
LT10_T1d_R4,RNAseq,A,LT10,10,stress,1d,4,b1,,/public/agis/wanfanghao_group/zoujianghua/wangliwei0813051/X101SC25046633-Z01-J006/01.RawData/LT10_T1d_R4_1.fq.gz,/public/agis/wanfanghao_group/zoujianghua/wangliwei0813051/X101SC25046633-Z01-J006/01.RawData/LT10_T1d_R4_2.fq.gz
LT10_T1d_R5,RNAseq,A,LT10,10,stress,1d,5,b1,,/public/agis/wanfanghao_group/zoujianghua/wangliwei0813051/X101SC25046633-Z01-J006/01.RawData/LT10_T1d_R5_1.fq.gz,/public/agis/wanfanghao_group/zoujianghua/wangliwei0813051/X101SC25046633-Z01-J006/01.RawData/LT10_T1d_R5_2.fq.gz
LT10_T2h_R1,RNAseq,A,LT10,10,stress,2h,1,b1,,/public/agis/wanfanghao_group/zoujianghua/wangliwei0813051/X101SC25046633-Z01-J006/01.RawData/LT10_T2h_R1_1.fq.gz,/public/agis/wanfanghao_group/zoujianghua/wangliwei0813051/X101SC25046633-Z01-J006/01.RawData/LT10_T2h_R1_2.fq.gz
LT10_T2h_R2,RNAseq,A,LT10,10,stress,2h,2,b1,,/public/agis/wanfanghao_group/zoujianghua/wangliwei0813051/X101SC25046633-Z01-J006/01.RawData/LT10_T2h_R2_1.fq.gz,/public/agis/wanfanghao_group/zoujianghua/wangliwei0813051/X101SC25046633-Z01-J006/01.RawData/LT10_T2h_R2_2.fq.gz
LT10_T2h_R3,RNAseq,A,LT10,10,stress,2h,3,b1,,/public/agis/wanfanghao_group/zoujianghua/wangliwei0813051/X101SC25046633-Z01-J006/01.RawData/LT10_T2h_R3_1.fq.gz,/public/agis/wanfanghao_group/zoujianghua/wangliwei0813051/X101SC25046633-Z01-J006/01.RawData/LT10_T2h_R3_2.fq.gz
LT10_T2h_R4,RNAseq,A,LT10,10,stress,2h,4,b1,,/public/agis/wanfanghao_group/zoujianghua/wangliwei0813051/X101SC25046633-Z01-J006/01.RawData/LT10_T2h_R4_1.fq.gz,/public/agis/wanfanghao_group/zoujianghua/wangliwei0813051/X101SC25046633-Z01-J006/01.RawData/LT10_T2h_R4_2.fq.gz
LT10_T2h_R5,RNAseq,A,LT10,10,stress,2h,5,b1,,/public/agis/wanfanghao_group/zoujianghua/wangliwei0813051/X101SC25046633-Z01-J006/01.RawData/LT10_T2h_R5_1.fq.gz,/public/agis/wanfanghao_group/zoujianghua/wangliwei0813051/X101SC25046633-Z01-J006/01.RawData/LT10_T2h_R5_2.fq.gz
LT10_T3d_R1,RNAseq,A,LT10,10,stress,3d,1,b1,,/public/agis/wanfanghao_group/zoujianghua/wangliwei0813051/X101SC25046633-Z01-J006/01.RawData/LT10_T3d_R1_1.fq.gz,/public/agis/wanfanghao_group/zoujianghua/wangliwei0813051/X101SC25046633-Z01-J006/01.RawData/LT10_T3d_R1_2.fq.gz
LT10_T3d_R2,RNAseq,A,LT10,10,stress,3d,2,b1,,/public/agis/wanfanghao_group/zoujianghua/wangliwei0813051/X101SC25046633-Z01-J006/01.RawData/LT10_T3d_R2_1.fq.gz,/public/agis/wanfanghao_group/zoujianghua/wangliwei0813051/X101SC25046633-Z01-J006/01.RawData/LT10_T3d_R2_2.fq.gz
LT10_T3d_R3,RNAseq,A,LT10,10,stress,3d,3,b1,,/public/agis/wanfanghao_group/zoujianghua/wangliwei0813051/X101SC25046633-Z01-J006/01.RawData/LT10_T3d_R3_1.fq.gz,/public/agis/wanfanghao_group/zoujianghua/wangliwei0813051/X101SC25046633-Z01-J006/01.RawData/LT10_T3d_R3_2.fq.gz
LT10_T3d_R4,RNAseq,A,LT10,10,stress,3d,4,b1,,/public/agis/wanfanghao_group/zoujianghua/wangliwei0813051/X101SC25046633-Z01-J006/01.RawData/LT10_T3d_R4_1.fq.gz,/public/agis/wanfanghao_group/zoujianghua/wangliwei0813051/X101SC25046633-Z01-J006/01.RawData/LT10_T3d_R4_2.fq.gz
LT10_T3d_R5,RNAseq,A,LT10,10,stress,3d,5,b1,,/public/agis/wanfanghao_group/zoujianghua/wangliwei0813051/X101SC25046633-Z01-J006/01.RawData/LT10_T3d_R5_1.fq.gz,/public/agis/wanfanghao_group/zoujianghua/wangliwei0813051/X101SC25046633-Z01-J006/01.RawData/LT10_T3d_R5_2.fq.gz
LT10_T7d_R1,RNAseq,A,LT10,10,stress,7d,1,b1,,/public/agis/wanfanghao_group/zoujianghua/wangliwei0813051/X101SC25046633-Z01-J006/01.RawData/LT10_T7d_R1_1.fq.gz,/public/agis/wanfanghao_group/zoujianghua/wangliwei0813051/X101SC25046633-Z01-J006/01.RawData/LT10_T7d_R1_2.fq.gz
LT10_T7d_R2,RNAseq,A,LT10,10,stress,7d,2,b1,,/public/agis/wanfanghao_group/zoujianghua/wangliwei0813051/X101SC25046633-Z01-J006/01.RawData/LT10_T7d_R2_1.fq.gz,/public/agis/wanfanghao_group/zoujianghua/wangliwei0813051/X101SC25046633-Z01-J006/01.RawData/LT10_T7d_R2_2.fq.gz
LT10_T7d_R3,RNAseq,A,LT10,10,stress,7d,3,b1,,/public/agis/wanfanghao_group/zoujianghua/wangliwei0813051/X101SC25046633-Z01-J006/01.RawData/LT10_T7d_R3_1.fq.gz,/public/agis/wanfanghao_group/zoujianghua/wangliwei0813051/X101SC25046633-Z01-J006/01.RawData/LT10_T7d_R3_2.fq.gz
LT10_T7d_R4,RNAseq,A,LT10,10,stress,7d,4,b1,,/public/agis/wanfanghao_group/zoujianghua/wangliwei0813051/X101SC25046633-Z01-J006/01.RawData/LT10_T7d_R4_1.fq.gz,/public/agis/wanfanghao_group/zoujianghua/wangliwei0813051/X101SC25046633-Z01-J006/01.RawData/LT10_T7d_R4_2.fq.gz
LT10_T7d_R5,RNAseq,A,LT10,10,stress,7d,5,b1,,/public/agis/wanfanghao_group/zoujianghua/wangliwei0813051/X101SC25046633-Z01-J006/01.RawData/LT10_T7d_R5_1.fq.gz,/public/agis/wanfanghao_group/zoujianghua/wangliwei0813051/X101SC25046633-Z01-J006/01.RawData/LT10_T7d_R5_2.fq.gz
LTR_T1d_R1,RNAseq,A,LTR,25,recovery,1d,1,b1,,/public/agis/wanfanghao_group/zoujianghua/wangliwei0813051/X101SC25046633-Z01-J006/01.RawData/LTR_T1d_R1_1.fq.gz,/public/agis/wanfanghao_group/zoujianghua/wangliwei0813051/X101SC25046633-Z01-J006/01.RawData/LTR_T1d_R1_2.fq.gz
LTR_T1d_R2,RNAseq,A,LTR,25,recovery,1d,2,b1,,/public/agis/wanfanghao_group/zoujianghua/wangliwei0813051/X101SC25046633-Z01-J006/01.RawData/LTR_T1d_R2_1.fq.gz,/public/agis/wanfanghao_group/zoujianghua/wangliwei0813051/X101SC25046633-Z01-J006/01.RawData/LTR_T1d_R2_2.fq.gz
LTR_T1d_R3,RNAseq,A,LTR,25,recovery,1d,3,b1,,/public/agis/wanfanghao_group/zoujianghua/wangliwei0813051/X101SC25046633-Z01-J006/01.RawData/LTR_T1d_R3_1.fq.gz,/public/agis/wanfanghao_group/zoujianghua/wangliwei0813051/X101SC25046633-Z01-J006/01.RawData/LTR_T1d_R3_2.fq.gz
LTR_T1d_R4,RNAseq,A,LTR,25,recovery,1d,4,b1,,/public/agis/wanfanghao_group/zoujianghua/wangliwei0813051/X101SC25046633-Z01-J006/01.RawData/LTR_T1d_R4_1.fq.gz,/public/agis/wanfanghao_group/zoujianghua/wangliwei0813051/X101SC25046633-Z01-J006/01.RawData/LTR_T1d_R4_2.fq.gz
LTR_T1d_R5,RNAseq,A,LTR,25,recovery,1d,5,b1,,/public/agis/wanfanghao_group/zoujianghua/wangliwei0813051/X101SC25046633-Z01-J006/01.RawData/LTR_T1d_R5_1.fq.gz,/public/agis/wanfanghao_group/zoujianghua/wangliwei0813051/X101SC25046633-Z01-J006/01.RawData/LTR_T1d_R5_2.fq.gz
LTR_T3d_R1,RNAseq,A,LTR,25,recovery,3d,1,b1,,/public/agis/wanfanghao_group/zoujianghua/wangliwei0813051/X101SC25046633-Z01-J006/01.RawData/LTR_T3d_R1_1.fq.gz,/public/agis/wanfanghao_group/zoujianghua/wangliwei0813051/X101SC25046633-Z01-J006/01.RawData/LTR_T3d_R1_2.fq.gz
LTR_T3d_R2,RNAseq,A,LTR,25,recovery,3d,2,b1,,/public/agis/wanfanghao_group/zoujianghua/wangliwei0813051/X101SC25046633-Z01-J006/01.RawData/LTR_T3d_R2_1.fq.gz,/public/agis/wanfanghao_group/zoujianghua/wangliwei0813051/X101SC25046633-Z01-J006/01.RawData/LTR_T3d_R2_2.fq.gz
LTR_T3d_R3,RNAseq,A,LTR,25,recovery,3d,3,b1,,/public/agis/wanfanghao_group/zoujianghua/wangliwei0813051/X101SC25046633-Z01-J006/01.RawData/LTR_T3d_R3_1.fq.gz,/public/agis/wanfanghao_group/zoujianghua/wangliwei0813051/X101SC25046633-Z01-J006/01.RawData/LTR_T3d_R3_2.fq.gz
LTR_T3d_R4,RNAseq,A,LTR,25,recovery,3d,4,b1,,/public/agis/wanfanghao_group/zoujianghua/wangliwei0813051/X101SC25046633-Z01-J006/01.RawData/LTR_T3d_R4_1.fq.gz,/public/agis/wanfanghao_group/zoujianghua/wangliwei0813051/X101SC25046633-Z01-J006/01.RawData/LTR_T3d_R4_2.fq.gz
LTR_T3d_R5,RNAseq,A,LTR,25,recovery,3d,5,b1,,/public/agis/wanfanghao_group/zoujianghua/wangliwei0813051/X101SC25046633-Z01-J006/01.RawData/LTR_T3d_R5_1.fq.gz,/public/agis/wanfanghao_group/zoujianghua/wangliwei0813051/X101SC25046633-Z01-J006/01.RawData/LTR_T3d_R5_2.fq.gz
LTR_T6h_R1,RNAseq,A,LTR,25,recovery,6h,1,b1,,/public/agis/wanfanghao_group/zoujianghua/wangliwei0813051/X101SC25046633-Z01-J006/01.RawData/LTR_T6h_R1_1.fq.gz,/public/agis/wanfanghao_group/zoujianghua/wangliwei0813051/X101SC25046633-Z01-J006/01.RawData/LTR_T6h_R1_2.fq.gz
LTR_T6h_R2,RNAseq,A,LTR,25,recovery,6h,2,b1,,/public/agis/wanfanghao_group/zoujianghua/wangliwei0813051/X101SC25046633-Z01-J006/01.RawData/LTR_T6h_R2_1.fq.gz,/public/agis/wanfanghao_group/zoujianghua/wangliwei0813051/X101SC25046633-Z01-J006/01.RawData/LTR_T6h_R2_2.fq.gz
LTR_T6h_R3,RNAseq,A,LTR,25,recovery,6h,3,b1,,/public/agis/wanfanghao_group/zoujianghua/wangliwei0813051/X101SC25046633-Z01-J006/01.RawData/LTR_T6h_R3_1.fq.gz,/public/agis/wanfanghao_group/zoujianghua/wangliwei0813051/X101SC25046633-Z01-J006/01.RawData/LTR_T6h_R3_2.fq.gz
LTR_T6h_R4,RNAseq,A,LTR,25,recovery,6h,4,b1,,/public/agis/wanfanghao_group/zoujianghua/wangliwei0813051/X101SC25046633-Z01-J006/01.RawData/LTR_T6h_R4_1.fq.gz,/public/agis/wanfanghao_group/zoujianghua/wangliwei0813051/X101SC25046633-Z01-J006/01.RawData/LTR_T6h_R4_2.fq.gz
LTR_T6h_R5,RNAseq,A,LTR,25,recovery,6h,5,b1,,/public/agis/wanfanghao_group/zoujianghua/wangliwei0813051/X101SC25046633-Z01-J006/01.RawData/LTR_T6h_R5_1.fq.gz,/public/agis/wanfanghao_group/zoujianghua/wangliwei0813051/X101SC25046633-Z01-J006/01.RawData/LTR_T6h_R5_2.fq.gz
LTR_T7d_R1,RNAseq,A,LTR,25,recovery,7d,1,b1,,/public/agis/wanfanghao_group/zoujianghua/wangliwei0813051/X101SC25046633-Z01-J006/01.RawData/LTR_T7d_R1_1.fq.gz,/public/agis/wanfanghao_group/zoujianghua/wangliwei0813051/X101SC25046633-Z01-J006/01.RawData/LTR_T7d_R1_2.fq.gz
LTR_T7d_R2,RNAseq,A,LTR,25,recovery,7d,2,b1,,/public/agis/wanfanghao_group/zoujianghua/wangliwei0813051/X101SC25046633-Z01-J006/01.RawData/LTR_T7d_R2_1.fq.gz,/public/agis/wanfanghao_group/zoujianghua/wangliwei0813051/X101SC25046633-Z01-J006/01.RawData/LTR_T7d_R2_2.fq.gz
LTR_T7d_R3,RNAseq,A,LTR,25,recovery,7d,3,b1,,/public/agis/wanfanghao_group/zoujianghua/wangliwei0813051/X101SC25046633-Z01-J006/01.RawData/LTR_T7d_R3_1.fq.gz,/public/agis/wanfanghao_group/zoujianghua/wangliwei0813051/X101SC25046633-Z01-J006/01.RawData/LTR_T7d_R3_2.fq.gz
LTR_T7d_R4,RNAseq,A,LTR,25,recovery,7d,4,b1,,/public/agis/wanfanghao_group/zoujianghua/wangliwei0813051/X101SC25046633-Z01-J006/01.RawData/LTR_T7d_R4_1.fq.gz,/public/agis/wanfanghao_group/zoujianghua/wangliwei0813051/X101SC25046633-Z01-J006/01.RawData/LTR_T7d_R4_2.fq.gz
LTR_T7d_R5,RNAseq,A,LTR,25,recovery,7d,5,b1,,/public/agis/wanfanghao_group/zoujianghua/wangliwei0813051/X101SC25046633-Z01-J006/01.RawData/LTR_T7d_R5_1.fq.gz,/public/agis/wanfanghao_group/zoujianghua/wangliwei0813051/X101SC25046633-Z01-J006/01.RawData/LTR_T7d_R5_2.fq.gz
